Duke,-0.4339999854564667,-0.2199999988079071,0.07699999958276749,0.44600000977516174,0.28299999237060547,-0.15700000524520874
Crossbreed,0,-0.010999999940395355,0.3160000145435333,0,0.28299999237060547,-0.3019999861717224
Vulture,-0.41100001335144043,-0.2199999988079071,0.12099999934434891,0.42100000381469727,0.28299999237060547,0
TinyTyrant,-0.2939999997615814,-0.30799999833106995,-0.054999999701976776,0.29100000858306885,0.28299999237060547,0
Rustliner,-0.8009999990463257,0.5099999904632568,1.6699999570846558,0.8100000023841858,0.44999998807907104,-2.259999990463257
Junker,-0.35499998927116394,-0.17599999904632568,0.09700000286102295,0.36399999260902405,0.28299999237060547,0
Outrider,-0.41100001335144043,-0.16099999845027924,0.07699999958276749,0.4169999957084656,0.28299999237060547,0
Rustcargo,-0.41100001335144043,0.34599998593330383,0.734000027179718,0.40700000524520874,0.28299999237060547,0
Rustallion,-0.41100001335144043,-0.2199999988079071,0.07699999958276749,0.4180000126361847,0.28299999237060547,0
PipeRat,-0.31200000643730164,-0.2759999930858612,-0.028999999165534973,0.33000001311302185,0.28299999237060547,0
Poloska,-0.32499998807907104,-0.30799999833106995,-0.028999999165534973,0.35199999809265137,0.28299999237060547,0
PigPen,-0.41100001335144043,-0.11900000274181366,-0.12600000202655792,0.421999990940094,0.28299999237060547,0
Rustchief,-0.3400000035762787,0.17000000178813934,0.16099999845027924,0.35199999809265137,0.28299999237060547,0
Halfbreed,0,0.04699999839067459,-1.5,0,0.12099999934434891,1.2730000019073486
